评级,count,mean
✅ 买入,171,85.55555555555556
🔥 新强买入,281,105.76512455516014
