评级,count,mean
✅ 买入,238,132.2310924369748
🔥 新强买入,19,153.89473684210526
